part_name,view,instance,polygon_id,image_width,image_height,x_min,y_min,x_max,y_max,points_px,holes_px,points_normalized,source
Back-bumper,rear,rear,1,1536,1024,1050,907,1399,973,1050:907;1055:950;1063:968;1071:973;1122:969;1143:954;1297:953;1312:956;1327:969;1378:973;1390:962;1399:921;1399:907;1335:912;1112:912,1119:968;1119:967;1120:966;1123:966;1124:967;1122:969;1120:969|1091:961;1092:960;1098:960;1099:961;1098:962;1092:962|1070:951;1076:945;1373:945;1380:950;1370:960;1351:961;1333:960;1319:950;1131:950;1119:959;1111:961;1081:960|1358:917;1360:917;1363:920;1363:921;1364:922;1364:923;1363:924;1363:925;1362:926;1361:926;1360:927;1357:927;1355:925;1355:924;1354:923;1354:921|1295:917;1296:918;1298:918;1299:919;1299:920;1300:921;1300:924;1297:927;1293:927;1291:925;1291:924;1290:923;1290:921;1293:918;1294:918|1157:917;1158:918;1159:918;1162:921;1162:924;1159:927;1155:927;1153:925;1153:924;1152:923;1152:921;1155:918;1156:918|1090:917;1091:917;1092:918;1093:918;1095:920;1095:924;1092:927;1089:927;1086:924;1086:920;1088:918;1089:918|1394:909;1395:908;1398:908;1399:909;1399:910;1398:911;1397:911;1396:910;1395:910|1050:909;1051:908;1054:908;1055:909;1055:910;1054:911;1051:911;1050:910,0.683594:0.885742;0.686849:0.927734;0.692057:0.945312;0.697266:0.950195;0.730469:0.946289;0.744141:0.931641;0.844401:0.930664;0.854167:0.933594;0.863932:0.946289;0.897135:0.950195;0.904948:0.939453;0.910807:0.899414;0.910807:0.885742;0.869141:0.890625;0.723958:0.890625,connected_component_696
Back-door,left_side,left,1,1536,1024,301,421,402,577,402:423;337:421;306:427;301:577;347:560;398:533;397:514,324:517;328:517;330:519;330:520;331:521;331:526;332:527;332:528;334:530;334:532;335:533;335:541;334:542;334:545;330:551;330:555;326:559;322:559;320:557;320:556;319:555;319:548;317:546;317:545;316:544;316:532;317:531;317:530;320:527;320:522;321:521;321:520|307:440;308:441;308:443;307:444;306:443;306:441,0.261719:0.413086;0.219401:0.411133;0.199219:0.416992;0.195964:0.563477;0.225911:0.546875;0.259115:0.520508;0.258464:0.501953,connected_component_275
Back-door,right_side,right,1,1536,1024,1133,421,1234,577,1133:423;1138:533;1155:546;1180:558;1234:577;1229:427;1198:421,1207:517;1211:517;1215:521;1215:526;1218:529;1218:531;1219:532;1219:536;1220:537;1220:540;1219:541;1219:544;1218:545;1218:547;1216:549;1216:555;1215:556;1215:557;1212:559;1209:559;1206:557;1206:556;1205:555;1205:549;1204:549;1203:548;1203:547;1201:544;1201:542;1200:541;1200:535;1201:534;1201:531;1202:530;1202:529;1204:526;1204:521;1205:520;1205:519|1224:427;1225:426;1227:426;1228:427;1228:428;1227:429;1226:429,0.737630:0.413086;0.740885:0.520508;0.751953:0.533203;0.768229:0.544922;0.803385:0.563477;0.800130:0.416992;0.779948:0.411133,connected_component_276
Back-door,top,left,1,1536,1024,602,542,638,676,602:542;605:673;606:675;635:676;638:632;637:554,609:671;610:672;610:673;608:675;606:673;608:671|633:554;634:553;635:553;637:555;635:557;633:555|604:544;605:543;606:544;607:544;608:545;607:546;605:546;604:545,0.391927:0.529297;0.393880:0.657227;0.394531:0.659180;0.413411:0.660156;0.415365:0.617188;0.414714:0.541016,connected_component_318
Back-door,top,right,1,1536,1024,897,542,933,676,933:542;898:554;897:626;900:676;927:675;930:672;932:628,924:673;925:672;927:672;928:673;927:674;925:674,0.607422:0.529297;0.584635:0.541016;0.583984:0.611328;0.585938:0.660156;0.603516:0.659180;0.605469:0.656250;0.606771:0.613281,connected_component_319
Fender,top,left,1,1536,1024,579,354,596,512,596:354;593:357;582:361;580:462;582:452;586:449;590:454;593:476;590:483;589:492;586:495;582:492;580:483;579:499;592:512;593:422,588:508;589:507;590:507;592:509;591:510;589:510;588:509|588:493;589:492;590:492;591:493;591:494;590:495,0.388021:0.345703;0.386068:0.348633;0.378906:0.352539;0.377604:0.451172;0.378906:0.441406;0.381510:0.438477;0.384115:0.443359;0.386068:0.464844;0.384115:0.471680;0.383464:0.480469;0.381510:0.483398;0.378906:0.480469;0.377604:0.471680;0.376953:0.487305;0.385417:0.500000;0.386068:0.412109,connected_component_259
Fender,top,right,1,1536,1024,939,354,956,513,939:354;942:419;942:513;956:500;955:482;953:492;950:495;946:492;943:480;945:454;942:453;944:449;946:452;949:449;951:450;955:461;953:361;943:357;943:359;940:359,943:508;944:507;945:507;946:508;946:509;945:510;944:510;943:509|944:488;946:490;946:493;944:495;943:494;943:493;942:492;942:491;943:490;943:489|948:361;949:360;951:360;952:361;950:363,0.611328:0.345703;0.613281:0.409180;0.613281:0.500977;0.622396:0.488281;0.621745:0.470703;0.620443:0.480469;0.618490:0.483398;0.615885:0.480469;0.613932:0.468750;0.615234:0.443359;0.613281:0.442383;0.614583:0.438477;0.615885:0.441406;0.617839:0.438477;0.619141:0.439453;0.621745:0.450195;0.620443:0.352539;0.613932:0.348633;0.613932:0.350586;0.611979:0.350586,connected_component_260
Front-bumper,front,front,1,1536,1024,140,885,480,968,140:888;141:954;150:965;180:964;149:959;159:931;223:936;191:963;169:967;199:968;226:938;257:936;257:918;150:908;147:950;147:904;277:915;398:914;472:904;474:950;469:908;362:918;363:936;394:938;420:968;471:965;478:958;480:888;471:885;462:896;361:911;243:910,467:963;467:964;466:965;461:965;460:964;461:963;464:963;465:962;466:962|153:963;154:962;157:962;158:963;158:964;157:965;155:965|151:934;152:934;153:935;153:938;152:939;151:939;149:937;149:936|471:958;467:962;464:963;438:964;454:964;455:965;452:967;444:967;443:966;435:967;434:966;436:965;431:966;430:965;432:964;429:963;409:939;396:939;395:937;400:935;412:935;413:934;433:933;434:932;446:932;447:931;461:931;466:936;469:943|363:920;363:919;364:918;367:918;368:919;366:921;364:921|251:919;252:918;254:918;255:919;254:920;252:920|431:915;432:914;434:914;435:915;434:916;432:916|294:912;295:911;370:911;371:912;370:913;295:913|269:912;270:911;286:911;287:912;286:913;270:913|248:912;249:911;268:911;269:912;268:913;249:913|477:889;478:888;479:888;480:889;480:891;479:892;477:890|140:889;141:888;142:888;143:889;143:890;142:891;141:891;140:890|470:887;471:886;474:886;475:887;473:889;472:889|146:887;147:886;148:886;149:887;149:888;148:889;147:889;146:888,0.091146:0.867188;0.091797:0.931641;0.097656:0.942383;0.117188:0.941406;0.097005:0.936523;0.103516:0.909180;0.145182:0.914062;0.124349:0.940430;0.110026:0.944336;0.129557:0.945312;0.147135:0.916016;0.167318:0.914062;0.167318:0.896484;0.097656:0.886719;0.095703:0.927734;0.095703:0.882812;0.180339:0.893555;0.259115:0.892578;0.307292:0.882812;0.308594:0.927734;0.305339:0.886719;0.235677:0.896484;0.236328:0.914062;0.256510:0.916016;0.273438:0.945312;0.306641:0.942383;0.311198:0.935547;0.312500:0.867188;0.306641:0.864258;0.300781:0.875000;0.235026:0.889648;0.158203:0.888672,connected_component_639
Front-door,left_side,left,1,1536,1024,306,258,432,424,321:261;306:423;335:417;382:417;432:424;432:264;369:258,328:371;332:371;334:373;334:374;335:375;335:381;336:382;336:383;337:384;337:386;338:387;338:396;337:397;337:399;336:400;336:401;334:403;334:406;333:407;333:410;330:413;326:413;323:410;323:409;322:408;322:401;320:399;320:397;319:396;319:389;320:388;320:385;321:384;321:383;324:380;324:376;325:375;325:374|415:262;416:276;409:370;407:418;404:419;403:405;412:266;413:263,0.208984:0.254883;0.199219:0.413086;0.218099:0.407227;0.248698:0.407227;0.281250:0.414062;0.281250:0.257812;0.240234:0.251953,connected_component_182
Front-door,right_side,right,1,1536,1024,1103,258,1229,424,1215:261;1167:258;1122:262;1131:419;1120:262;1103:264;1104:424;1153:417;1199:417;1229:423,1225:420;1226:419;1227:419;1229:421;1228:422;1226:422;1225:421|1203:371;1207:371;1210:374;1210:375;1211:376;1211:380;1214:383;1214:384;1215:385;1215:387;1216:388;1216:396;1215:397;1215:399;1213:402;1213:409;1212:410;1212:411;1210:413;1205:413;1203:411;1203:410;1202:409;1202:403;1201:403;1200:402;1200:401;1198:399;1198:396;1197:395;1197:386;1198:385;1198:383;1200:381;1200:375;1201:374;1201:373,0.791016:0.254883;0.759766:0.251953;0.730469:0.255859;0.736328:0.409180;0.729167:0.255859;0.718099:0.257812;0.718750:0.414062;0.750651:0.407227;0.780599:0.407227;0.800130:0.413086,connected_component_186
Front-door,top,left,1,1536,1024,602,345,636,517,606:345;603:407;602:501;612:507;636:517;635:474;628:416;622:388;609:345,605:499;606:500;606:501;605:502;604:502;603:501|604:431;605:432;605:436;604:437;603:436;603:432|607:345;608:345;610:347;610:348;609:349;609:355;608:356;606:354;606:346,0.394531:0.336914;0.392578:0.397461;0.391927:0.489258;0.398438:0.495117;0.414062:0.504883;0.413411:0.462891;0.408854:0.406250;0.404948:0.378906;0.396484:0.336914,connected_component_254
Front-door,top,right,1,1536,1024,899,344,933,517,926:344;914:384;905:428;901:462;899:517;933:501;931:378;929:346,926:348;928:350;928:353;926:355;925:354;925:352;924:351;925:350;925:349,0.602865:0.335938;0.595052:0.375000;0.589193:0.417969;0.586589:0.451172;0.585286:0.504883;0.607422:0.489258;0.606120:0.369141;0.604818:0.337891,connected_component_255
Hood,top,center,1,1536,1024,632,57,903,258,680:70;673:86;632:258;634:253;637:255;678:240;742:232;843:237;882:247;903:258;862:86;854:69;814:59;744:57;703:62,896:253;897:252;898:252;899:251;900:252;900:253;899:254;897:254|637:242;638:243;638:245;637:246;636:245;636:243,0.442708:0.068359;0.438151:0.083984;0.411458:0.251953;0.412760:0.247070;0.414714:0.249023;0.441406:0.234375;0.483073:0.226562;0.548828:0.231445;0.574219:0.241211;0.587891:0.251953;0.561198:0.083984;0.555990:0.067383;0.529948:0.057617;0.484375:0.055664;0.457682:0.060547,connected_component_39
Quarter-panel,top,left,1,1536,1024,579,507,602,733,580:507;582:510;579:510;579:666;581:668;579:697;588:718;602:733;598:710;594:645;592:646;594:661;591:668;594:667;595:676;591:676;591:671;590:677;586:679;579:664;582:636;586:633;590:637;590:643;593:636;594:640;593:518,597:728;597:726;598:725;599:725;601:727;599:729;598:729|581:673;583:675;583:676;580:679;579:678;579:675|579:636;579:634;580:633;581:633;583:635;581:637;580:637|588:516;589:515;591:517;590:518;589:518;588:517,0.377604:0.495117;0.378906:0.498047;0.376953:0.498047;0.376953:0.650391;0.378255:0.652344;0.376953:0.680664;0.382812:0.701172;0.391927:0.715820;0.389323:0.693359;0.386719:0.629883;0.385417:0.630859;0.386719:0.645508;0.384766:0.652344;0.386719:0.651367;0.387370:0.660156;0.384766:0.660156;0.384766:0.655273;0.384115:0.661133;0.381510:0.663086;0.376953:0.648438;0.378906:0.621094;0.381510:0.618164;0.384115:0.622070;0.384115:0.627930;0.386068:0.621094;0.386719:0.625000;0.386068:0.505859,connected_component_297
Quarter-panel,top,right,1,1536,1024,933,506,956,733,956:506;942:518;940:670;937:710;933:733;948:716;956:697,934:730;934:729;935:728;936:728;937:729;935:731|952:678;952:677;953:676;954:676;955:677;953:679|941:665;944:668;944:673;943:674;943:675;941:677;941:678;940:679;939:678;939:672;940:671;940:666|948:633;950:633;953:636;953:639;954:640;954:644;956:647;956:663;955:664;955:666;954:667;954:670;953:671;953:674;952:675;952:676;949:679;947:679;945:677;945:676;944:675;944:668;942:665;942:662;941:661;941:652;942:651;942:648;943:647;943:646;945:643;945:636|951:513;951:511;952:510;954:510;955:511;955:512;954:513;953:513;952:514,0.622396:0.494141;0.613281:0.505859;0.611979:0.654297;0.610026:0.693359;0.607422:0.715820;0.617188:0.699219;0.622396:0.680664,connected_component_300
Quarter-panel,rear,left,1,1536,1024,1057,754,1132,865,1132:754;1124:757;1119:761;1107:776;1098:791;1082:824;1067:841;1057:864;1060:863;1061:865;1062:860;1067:850;1073:844;1084:840;1098:841;1097:832;1094:826;1095:819;1098:815;1099:810;1108:790;1118:773;1125:767;1127:761,1060:857;1061:856;1062:856;1063:857;1063:859;1062:860;1061:860;1060:859|1064:849;1066:851;1066:852;1065:853;1064:853;1062:851|1064:847;1065:846;1065:845;1066:844;1069:847;1068:848;1065:848|1125:757;1126:756;1128:756;1129:757;1129:758;1128:759;1126:759;1125:758,0.736979:0.736328;0.731771:0.739258;0.728516:0.743164;0.720703:0.757812;0.714844:0.772461;0.704427:0.804688;0.694661:0.821289;0.688151:0.843750;0.690104:0.842773;0.690755:0.844727;0.691406:0.839844;0.694661:0.830078;0.698568:0.824219;0.705729:0.820312;0.714844:0.821289;0.714193:0.812500;0.712240:0.806641;0.712891:0.799805;0.714844:0.795898;0.715495:0.791016;0.721354:0.771484;0.727865:0.754883;0.732422:0.749023;0.733724:0.743164,connected_component_476
Quarter-panel,rear,right,1,1536,1024,1319,754,1387,852,1319:754;1326:767;1331:771;1337:780;1356:821;1356:829;1354:833;1353:841;1360:841;1361:840;1371:841;1378:845;1383:852;1386:850;1387:851;1381:839;1368:824;1352:791;1341:773;1330:760,1383:845;1385:847;1383:849;1381:847|1354:838;1355:837;1356:837;1357:838;1358:838;1359:839;1358:840;1357:840;1356:841;1354:839|1321:757;1322:756;1324:756;1325:757;1325:758;1324:759;1322:759;1321:758,0.858724:0.736328;0.863281:0.749023;0.866536:0.752930;0.870443:0.761719;0.882812:0.801758;0.882812:0.809570;0.881510:0.813477;0.880859:0.821289;0.885417:0.821289;0.886068:0.820312;0.892578:0.821289;0.897135:0.825195;0.900391:0.832031;0.902344:0.830078;0.902995:0.831055;0.899089:0.819336;0.890625:0.804688;0.880208:0.772461;0.873047:0.754883;0.865885:0.742188,connected_component_477
Rocker-panel,left_side,left,1,1536,1024,440,247,450,544,449:247;442:248;440:542;450:544,441:540;442:539;443:539;445:541;444:542;442:542;441:541|445:249;446:248;448:248;449:247;450:248;450:250;449:251;448:251;447:250;446:250,0.292318:0.241211;0.287760:0.242188;0.286458:0.529297;0.292969:0.531250,connected_component_172
Rocker-panel,right_side,right,1,1536,1024,1084,247,1095,544,1084:247;1087:402;1085:544;1095:542;1093:248,1088:541;1090:539;1091:539;1093:541;1092:542;1089:542|1089:470;1090:471;1090:491;1089:492;1088:491;1088:471|1089:353;1091:355;1091:360;1090:361;1090:364;1091:365;1090:366;1091:367;1091:415;1090:416;1090:420;1091:421;1091:427;1090:428;1088:427;1088:354|1088:249;1089:248;1091:248;1092:249;1091:250;1089:250,0.705729:0.241211;0.707682:0.392578;0.706380:0.531250;0.712891:0.529297;0.711589:0.242188,connected_component_173
Roof,top,center,1,1536,1024,648,385,887,758,648:402;660:552;655:741;701:753;749:758;812:756;879:741;875:551;879:457;887:402;847:391;795:385;716:387,658:726;659:727;659:730;658:731;657:730;657:727|765:715;770:715;771:716;772:716;774:718;774:719;776:721;776:722;777:723;777:725;778:726;778:737;777:738;777:740;776:741;776:742;768:750;767:749;766:749;760:743;760:742;759:741;759:740;758:739;758:738;757:737;757:726;758:725;758:723;759:722;759:721|661:667;662:668;662:672;661:673;660:672;660:668|658:472;659:473;659:476;658:477;657:476;657:473|648:403;649:402;650:402;651:403;651:404;650:405;649:405;648:404,0.421875:0.392578;0.429688:0.539062;0.426432:0.723633;0.456380:0.735352;0.487630:0.740234;0.528646:0.738281;0.572266:0.723633;0.569661:0.538086;0.572266:0.446289;0.577474:0.392578;0.551432:0.381836;0.517578:0.375977;0.466146:0.377930,connected_component_267
Trunk,top,center,1,1536,1024,629,832,906,938,629:832;629:864;638:921;652:926;722:937;797:938;861:931;897:921;906:865;906:832;898:846;874:859;842:866;782:871;718:869;661:859;642:850,630:842;632:840;634:842;633:843;631:843,0.409505:0.812500;0.409505:0.843750;0.415365:0.899414;0.424479:0.904297;0.470052:0.915039;0.518880:0.916016;0.560547:0.909180;0.583984:0.899414;0.589844:0.844727;0.589844:0.812500;0.584635:0.826172;0.569010:0.838867;0.548177:0.845703;0.509115:0.850586;0.467448:0.848633;0.430339:0.838867;0.417969:0.830078,connected_component_539
Trunk,rear,upper,1,1536,1024,1101,829,1349,857,1101:833;1103:841;1134:844;1151:857;1300:857;1317:844;1348:841;1349:833;1346:835;1344:832;1271:829;1176:829;1104:832;1105:835,1224:855;1225:854;1227:854;1228:855;1227:856;1225:856|1347:837;1349:839;1347:841;1345:839|1224:833;1228:833;1229:834;1231:834;1235:838;1235:839;1236:840;1236:847;1234:849;1234:850;1231:853;1230:853;1229:854;1223:854;1222:853;1221:853;1216:848;1216:846;1215:845;1215:842;1216:841;1216:839;1221:834;1223:834|1302:831;1303:830;1305:830;1306:831;1305:832;1303:832,0.716797:0.813477;0.718099:0.821289;0.738281:0.824219;0.749349:0.836914;0.846354:0.836914;0.857422:0.824219;0.877604:0.821289;0.878255:0.813477;0.876302:0.815430;0.875000:0.812500;0.827474:0.809570;0.765625:0.809570;0.718750:0.812500;0.719401:0.815430,connected_component_537
Trunk,rear,lower,1,1536,1024,1112,862,1339,900,1112:877;1118:891;1125:897;1135:900;1317:900;1329:895;1334:890;1339:878;1311:877;1303:871;1298:862;1154:862;1157:863;1153:864;1144:876,1262:893;1263:892;1270:892;1271:893;1270:894;1263:894|1175:866;1176:865;1275:865;1277:867;1277:891;1274:893;1273:892;1176:892;1175:891|1294:863;1295:862;1297:862;1298:863;1297:864;1295:864|1176:863;1177:862;1273:862;1276:864;1275:865;1178:865,0.723958:0.856445;0.727865:0.870117;0.732422:0.875977;0.738932:0.878906;0.857422:0.878906;0.865234:0.874023;0.868490:0.869141;0.871745:0.857422;0.853516:0.856445;0.848307:0.850586;0.845052:0.841797;0.751302:0.841797;0.753255:0.842773;0.750651:0.843750;0.744792:0.855469,connected_component_570
Front-window,left_side,left,1,1536,1024,225,283,307,426,287:283;280:283;266:299;253:317;241:339;231:372;226:404;225:426;297:409;307:297;296:295;289:288,292:409;294:407;296:407;297:408;297:409;296:410;293:410|303:299;304:298;305:298;306:299;306:300;305:301;304:301;303:300|279:284;280:283;281:283;282:284;282:285;281:286;280:286;279:285,0.186849:0.276367;0.182292:0.276367;0.173177:0.291992;0.164714:0.309570;0.156901:0.331055;0.150391:0.363281;0.147135:0.394531;0.146484:0.416016;0.193359:0.399414;0.199870:0.290039;0.192708:0.288086;0.188151:0.281250,connected_component_219
Front-window,right_side,right,1,1536,1024,1228,283,1310,426,1248:283;1247:287;1241:294;1235:297;1228:297;1238:409;1310:426;1309:403;1305:377;1296:344;1285:322;1273:304;1255:283,1250:285;1251:284;1253:284;1254:285;1253:286;1251:286,0.812500:0.276367;0.811849:0.280273;0.807943:0.287109;0.804036:0.290039;0.799479:0.290039;0.805990:0.399414;0.852865:0.416016;0.852214:0.393555;0.849609:0.368164;0.843750:0.335938;0.836589:0.314453;0.828776:0.296875;0.817057:0.276367,connected_component_223
Back-window,left_side,left,1,1536,1024,223,447,295,538,295:447;223:453;224:454;223:455;223:475;226:505;229:519;236:538;293:538,236:537;237:536;240:536;241:537;240:538;237:538,0.192057:0.436523;0.145182:0.442383;0.145833:0.443359;0.145182:0.444336;0.145182:0.463867;0.147135:0.493164;0.149089:0.506836;0.153646:0.525391;0.190755:0.525391,connected_component_289
Back-window,right_side,right,1,1536,1024,1240,447,1312,538,1240:447;1242:536;1243:537;1242:538;1299:538;1304:526;1310:500;1312:477;1312:453,1243:536;1244:535;1245:535;1247:537;1246:538;1244:538;1243:537,0.807292:0.436523;0.808594:0.523438;0.809245:0.524414;0.808594:0.525391;0.845703:0.525391;0.848958:0.513672;0.852865:0.488281;0.854167:0.465820;0.854167:0.442383,connected_component_290
Windshield,top,top,1,1536,1024,630,269,906,389,630:299;631:314;651:388;713:376;780:373;837:378;883:389;906:304;900:294;876:284;832:274;777:269;736:270;686:277;650:287,879:387;880:386;882:386;883:387;882:388;880:388|651:386;652:385;654:385;656:387;655:388;652:388;651:387,0.410156:0.291992;0.410807:0.306641;0.423828:0.378906;0.464193:0.367188;0.507812:0.364258;0.544922:0.369141;0.574870:0.379883;0.589844:0.296875;0.585938:0.287109;0.570312:0.277344;0.541667:0.267578;0.505859:0.262695;0.479167:0.263672;0.446615:0.270508;0.423177:0.280273,connected_component_208
Windshield,front,front,1,1536,1024,189,770,429,823,189:821;194:823;203:817;220:817;217:815;220:813;222:817;225:797;234:787;261:789;266:796;271:817;289:817;295:808;324:808;331:817;351:815;352:801;360:788;385:787;394:795;397:811;425:822;429:819;403:773;315:770;314:773;329:774;333:784;328:789;309:791;292:789;287:784;291:774;305:773;305:770;260:770;215:774,191:821;192:820;194:820;195:821;193:823|270:816;270:814;271:813;272:813;274:815;272:817;271:817|392:773;393:772;395:772;396:773;395:774;393:774|225:773;226:772;230:772;231:773;230:774;226:774|315:772;315:771;316:770;318:770;319:771;317:773;316:773|298:772;300:770;302:770;303:771;303:772;302:773;299:773,0.123047:0.801758;0.126302:0.803711;0.132161:0.797852;0.143229:0.797852;0.141276:0.795898;0.143229:0.793945;0.144531:0.797852;0.146484:0.778320;0.152344:0.768555;0.169922:0.770508;0.173177:0.777344;0.176432:0.797852;0.188151:0.797852;0.192057:0.789062;0.210938:0.789062;0.215495:0.797852;0.228516:0.795898;0.229167:0.782227;0.234375:0.769531;0.250651:0.768555;0.256510:0.776367;0.258464:0.791992;0.276693:0.802734;0.279297:0.799805;0.262370:0.754883;0.205078:0.751953;0.204427:0.754883;0.214193:0.755859;0.216797:0.765625;0.213542:0.770508;0.201172:0.772461;0.190104:0.770508;0.186849:0.765625;0.189453:0.755859;0.198568:0.754883;0.198568:0.751953;0.169271:0.751953;0.139974:0.755859,connected_component_507
Back-windshield,top,top,1,1536,1024,640,752,895,859,640:812;640:830;648:841;680:852;726:858;791:859;844:854;879:845;888:840;895:830;893:800;880:752;842:763;789:769;712:766;655:752,654:754;655:753;657:753;658:754;657:755;655:755,0.416667:0.792969;0.416667:0.810547;0.421875:0.821289;0.442708:0.832031;0.472656:0.837891;0.514974:0.838867;0.549479:0.833984;0.572266:0.825195;0.578125:0.820312;0.582682:0.810547;0.581380:0.781250;0.572917:0.734375;0.548177:0.745117;0.513672:0.750977;0.463542:0.748047;0.426432:0.734375,connected_component_474
Back-windshield,rear,rear,1,1536,1024,1111,770,1339,811,1111:810;1136:811;1138:803;1144:797;1153:795;1175:796;1182:802;1184:810;1204:810;1211:804;1240:804;1248:810;1264:810;1265:807;1267:810;1270:801;1282:795;1305:796;1311:800;1315:811;1339:811;1327:783;1318:773;1231:770;1231:773;1245:775;1248:785;1244:789;1222:790;1208:789;1203:781;1208:774;1228:770;1185:770;1131:774,1200:809;1201:808;1203:808;1204:809;1203:810;1201:810|1302:773;1303:772;1305:772;1306:773;1305:774;1303:774|1254:771;1255:770;1259:770;1260:771;1259:772;1255:772|1231:772;1231:771;1232:770;1234:770;1235:771;1234:772;1233:772;1232:773|1212:771;1213:770;1219:770;1220:771;1218:773;1217:773;1216:772;1213:772,0.723307:0.791016;0.739583:0.791992;0.740885:0.784180;0.744792:0.778320;0.750651:0.776367;0.764974:0.777344;0.769531:0.783203;0.770833:0.791016;0.783854:0.791016;0.788411:0.785156;0.807292:0.785156;0.812500:0.791016;0.822917:0.791016;0.823568:0.788086;0.824870:0.791016;0.826823:0.782227;0.834635:0.776367;0.849609:0.777344;0.853516:0.781250;0.856120:0.791992;0.871745:0.791992;0.863932:0.764648;0.858073:0.754883;0.801432:0.751953;0.801432:0.754883;0.810547:0.756836;0.812500:0.766602;0.809896:0.770508;0.795573:0.771484;0.786458:0.770508;0.783203:0.762695;0.786458:0.755859;0.799479:0.751953;0.771484:0.751953;0.736328:0.755859,connected_component_509
Front-wheel,left_side,left,1,1536,1024,362,113,498,249,421:113;406:117;392:124;375:140;364:163;362:171;362:191;372:218;389:236;412:247;421:249;440:249;467:239;485:222;496:199;498:172;494:157;487:143;471:126;448:115;440:113,,0.274089:0.110352;0.264323:0.114258;0.255208:0.121094;0.244141:0.136719;0.236979:0.159180;0.235677:0.166992;0.235677:0.186523;0.242188:0.212891;0.253255:0.230469;0.268229:0.241211;0.274089:0.243164;0.286458:0.243164;0.304036:0.233398;0.315755:0.216797;0.322917:0.194336;0.324219:0.167969;0.321615:0.153320;0.317057:0.139648;0.306641:0.123047;0.291667:0.112305;0.286458:0.110352,manual_circle
Front-wheel,right_side,right,1,1536,1024,1033,113,1169,249,1092:113;1077:117;1063:124;1046:140;1035:163;1033:171;1033:191;1043:218;1060:236;1083:247;1092:249;1111:249;1138:239;1156:222;1167:199;1169:172;1165:157;1158:143;1142:126;1119:115;1111:113,,0.710938:0.110352;0.701172:0.114258;0.692057:0.121094;0.680990:0.136719;0.673828:0.159180;0.672526:0.166992;0.672526:0.186523;0.679036:0.212891;0.690104:0.230469;0.705078:0.241211;0.710938:0.243164;0.723307:0.243164;0.740885:0.233398;0.752604:0.216797;0.759766:0.194336;0.761068:0.167969;0.758464:0.153320;0.753906:0.139648;0.743490:0.123047;0.728516:0.112305;0.723307:0.110352,manual_circle
Back-wheel,left_side,left,1,1536,1024,362,539,498,675,421:539;406:543;392:550;375:566;364:589;362:597;362:617;372:644;389:662;412:673;421:675;440:675;467:665;485:648;496:625;498:598;494:583;487:569;471:552;448:541;440:539,,0.274089:0.526367;0.264323:0.530273;0.255208:0.537109;0.244141:0.552734;0.236979:0.575195;0.235677:0.583008;0.235677:0.602539;0.242188:0.628906;0.253255:0.646484;0.268229:0.657227;0.274089:0.659180;0.286458:0.659180;0.304036:0.649414;0.315755:0.632812;0.322917:0.610352;0.324219:0.583984;0.321615:0.569336;0.317057:0.555664;0.306641:0.539062;0.291667:0.528320;0.286458:0.526367,manual_circle
Back-wheel,right_side,right,1,1536,1024,1033,539,1169,675,1092:539;1077:543;1063:550;1046:566;1035:589;1033:597;1033:617;1043:644;1060:662;1083:673;1092:675;1111:675;1138:665;1156:648;1167:625;1169:598;1165:583;1158:569;1142:552;1119:541;1111:539,,0.710938:0.526367;0.701172:0.530273;0.692057:0.537109;0.680990:0.552734;0.673828:0.575195;0.672526:0.583008;0.672526:0.602539;0.679036:0.628906;0.690104:0.646484;0.705078:0.657227;0.710938:0.659180;0.723307:0.659180;0.740885:0.649414;0.752604:0.632812;0.759766:0.610352;0.761068:0.583984;0.758464:0.569336;0.753906:0.555664;0.743490:0.539062;0.728516:0.528320;0.723307:0.526367,manual_circle
Mirror,top,left,1,1536,1024,551,325,596,359,595:326;594:325;591:325;590:326;588:326;587:327;586:327;583:329;581:329;580:330;579:330;578:331;577:331;576:332;569:335;567:337;564:338;561:341;560:341;556:345;556:346;554:348;554:349;552:352;552:354;551:355;551:359;558:355;560:355;563:353;565:353;566:352;568:352;569:351;574:350;577:348;579:348;580:347;582:347;583:346;585:346;586:345;589:345;590:344;594:344;595:345;596:345;596:328;595:327,553:356;553:354;554:353;555:354;557:354;558:355;557:356;555:356;554:357|590:343;591:342;593:342;594:343;593:344;591:344|590:327;591:326;592:326;593:325;595:327;594:328;591:328,0.387370:0.318359;0.386719:0.317383;0.384766:0.317383;0.384115:0.318359;0.382812:0.318359;0.382161:0.319336;0.381510:0.319336;0.379557:0.321289;0.378255:0.321289;0.377604:0.322266;0.376953:0.322266;0.376302:0.323242;0.375651:0.323242;0.375000:0.324219;0.370443:0.327148;0.369141:0.329102;0.367188:0.330078;0.365234:0.333008;0.364583:0.333008;0.361979:0.336914;0.361979:0.337891;0.360677:0.339844;0.360677:0.340820;0.359375:0.343750;0.359375:0.345703;0.358724:0.346680;0.358724:0.350586;0.363281:0.346680;0.364583:0.346680;0.366536:0.344727;0.367839:0.344727;0.368490:0.343750;0.369792:0.343750;0.370443:0.342773;0.373698:0.341797;0.375651:0.339844;0.376953:0.339844;0.377604:0.338867;0.378906:0.338867;0.379557:0.337891;0.380859:0.337891;0.381510:0.336914;0.383464:0.336914;0.384115:0.335938;0.386719:0.335938;0.387370:0.336914;0.388021:0.336914;0.388021:0.320312;0.387370:0.319336,connected_component_243
Mirror,top,right,1,1536,1024,939,325,985,360,940:327;940:328;939:329;939:345;940:345;941:344;946:344;947:345;949:345;950:346;952:346;953:347;955:347;956:348;961:349;964:351;966:351;967:352;969:352;970:353;975:354;976:355;983:358;984:359;984:360;985:360;984:359;984:355;983:354;983:352;982:351;980:346;975:341;974:341;971:338;968:337;966:335;965:335;950:327;948:327;947:326;945:326;944:325;942:325,940:342;941:341;942:341;944:343;943:344;941:344;940:343,0.611979:0.319336;0.611979:0.320312;0.611328:0.321289;0.611328:0.336914;0.611979:0.336914;0.612630:0.335938;0.615885:0.335938;0.616536:0.336914;0.617839:0.336914;0.618490:0.337891;0.619792:0.337891;0.620443:0.338867;0.621745:0.338867;0.622396:0.339844;0.625651:0.340820;0.627604:0.342773;0.628906:0.342773;0.629557:0.343750;0.630859:0.343750;0.631510:0.344727;0.634766:0.345703;0.635417:0.346680;0.639974:0.349609;0.640625:0.350586;0.640625:0.351562;0.641276:0.351562;0.640625:0.350586;0.640625:0.346680;0.639974:0.345703;0.639974:0.343750;0.639323:0.342773;0.638021:0.337891;0.634766:0.333008;0.634115:0.333008;0.632161:0.330078;0.630208:0.329102;0.628906:0.327148;0.628255:0.327148;0.618490:0.319336;0.617188:0.319336;0.616536:0.318359;0.615234:0.318359;0.614583:0.317383;0.613281:0.317383,connected_component_246
Mirror,left_side,left,1,1536,1024,290,260,312,293,304:260;303:261;300:261;294:265;294:266;292:268;292:269;291:270;291:273;290:274;290:279;291:280;291:283;292:284;292:285;294:287;294:288;296:290;297:290;300:292;302:292;303:293;309:293;310:292;310:289;311:288;311:279;312:278;312:261;311:260,308:261;309:260;311:260;312:261;311:262;309:262,0.197917:0.253906;0.197266:0.254883;0.195312:0.254883;0.191406:0.258789;0.191406:0.259766;0.190104:0.261719;0.190104:0.262695;0.189453:0.263672;0.189453:0.266602;0.188802:0.267578;0.188802:0.272461;0.189453:0.273438;0.189453:0.276367;0.190104:0.277344;0.190104:0.278320;0.191406:0.280273;0.191406:0.281250;0.192708:0.283203;0.193359:0.283203;0.195312:0.285156;0.196615:0.285156;0.197266:0.286133;0.201172:0.286133;0.201823:0.285156;0.201823:0.282227;0.202474:0.281250;0.202474:0.272461;0.203125:0.271484;0.203125:0.254883;0.202474:0.253906,connected_component_187
Mirror,right_side,right,1,1536,1024,1223,260,1245,293,1224:260;1223:261;1223:274;1224:275;1224:287;1225:288;1225:292;1226:293;1232:293;1233:292;1236:292;1238:290;1239:290;1243:286;1243:285;1244:284;1244:282;1245:281;1245:273;1244:272;1244:270;1243:269;1243:268;1242:267;1242:266;1239:263;1238:263;1235:261;1232:261;1231:260,,0.796875:0.253906;0.796224:0.254883;0.796224:0.267578;0.796875:0.268555;0.796875:0.280273;0.797526:0.281250;0.797526:0.285156;0.798177:0.286133;0.802083:0.286133;0.802734:0.285156;0.804688:0.285156;0.805990:0.283203;0.806641:0.283203;0.809245:0.279297;0.809245:0.278320;0.809896:0.277344;0.809896:0.275391;0.810547:0.274414;0.810547:0.266602;0.809896:0.265625;0.809896:0.263672;0.809245:0.262695;0.809245:0.261719;0.808594:0.260742;0.808594:0.259766;0.806641:0.256836;0.805990:0.256836;0.804036:0.254883;0.802083:0.254883;0.801432:0.253906,connected_component_193
License-plate,front,front,1,1536,1024,261,919,359,938,261:920;261:938;359:938;359:919;268:919;267:920,,0.169922:0.898438;0.169922:0.916016;0.233724:0.916016;0.233724:0.897461;0.174479:0.897461;0.173828:0.898438,connected_component_699
License-plate,rear,rear,1,1536,1024,1179,869,1273,888,1179:869;1179:888;1273:888;1273:869,1180:887;1181:886;1183:886;1184:887;1183:888;1181:888,0.767578:0.848633;0.767578:0.867188;0.828776:0.867188;0.828776:0.848633,connected_component_583
Grille,front,center,1,1536,1024,205,861,418,899,205:898;418:899;400:861;222:861,,0.133464:0.876953;0.272135:0.877930;0.260417:0.840820;0.144531:0.840820,manual_polygon
Headlight,front,left_image,1,1536,1024,145,852,253,892,145:852;148:891;253:892;231:855,,0.094401:0.832031;0.096354:0.870117;0.164714:0.871094;0.150391:0.834961,manual_polygon
Headlight,front,right_image,1,1536,1024,370,852,474,892,474:852;390:855;370:892;472:891,,0.308594:0.832031;0.253906:0.834961;0.240885:0.871094;0.307292:0.870117,manual_polygon
Tail-light,rear,left_image,1,1536,1024,1046,845,1162,878,1047:845;1046:878;1162:878;1147:847,,0.681641:0.825195;0.680990:0.857422;0.756510:0.857422;0.746745:0.827148,manual_polygon
Tail-light,rear,right_image,1,1536,1024,1277,845,1404,878,1402:845;1289:848;1277:878;1404:878,,0.912760:0.825195;0.839193:0.828125;0.831380:0.857422;0.914062:0.857422,manual_polygon
